排名,角色ID,地图区域,GOAL_COMMON使用,Common_*使用,总使用次数,脚本总行数,函数总数,攻击函数数,使用密度%,主要GOAL函数1,使用次数1,主要GOAL函数2,使用次数2,主要GOAL函数3,使用次数3,角色类型推测,特征描述
1,508000,m11_00_00_00-luabnd-dcx,200,4,204,1562,0,0,13.06,GOAL_COMMON_AttackTunableSpin,57,GOAL_COMMON_ComboRepeat_SuccessAngle180,51,GOAL_COMMON_ComboFinal,29,Boss角色,鬼庭昌雪，剑技Boss，通用AI使用最多
2,711300,m11_01_00_00-luabnd-dcx,191,5,196,2173,0,0,9.02,GOAL_COMMON_ComboFinal,83,GOAL_COMMON_ComboRepeat,34,GOAL_COMMON_ComboAttackTunableSpin,25,精英敌人,高级武士类敌人
3,506300,m10_00_00_00-luabnd-dcx,189,5,194,1854,0,0,10.46,GOAL_COMMON_ComboRepeat,52,GOAL_COMMON_ComboFinal,42,GOAL_COMMON_ComboAttackTunableSpin,34,标准敌人,基础敌人模板
4,540310,m11_02_00_00-luabnd-dcx,184,6,190,1751,0,0,10.85,GOAL_COMMON_ComboFinal,53,GOAL_COMMON_ComboRepeat,52,GOAL_COMMON_ComboAttackTunableSpin,51,特殊敌人,特殊机制敌人
5,710300,m11_01_00_00-luabnd-dcx,173,5,178,1889,0,0,9.42,GOAL_COMMON_ComboFinal,75,GOAL_COMMON_ComboAttackTunableSpin,37,GOAL_COMMON_ComboRepeat,20,精英敌人,高级武士类敌人
6,510001,m17_00_00_00-luabnd-dcx,154,5,159,1273,0,0,12.49,GOAL_COMMON_ComboTunable_SuccessAngle180,25,GOAL_COMMON_ComboFinal,23,GOAL_COMMON_ApproachTarget,22,区域敌人,特定区域的敌人类型
7,147000,m10_00_00_00-luabnd-dcx,144,6,150,1668,0,0,8.99,GOAL_COMMON_ComboRepeat,39,GOAL_COMMON_ComboFinal,30,GOAL_COMMON_SpinStep,17,通用模板,多地图复用的通用敌人
8,500000,m15_00_00_00-luabnd-dcx,143,6,149,1898,0,0,7.85,GOAL_COMMON_ComboFinal,39,GOAL_COMMON_ApproachTarget,32,GOAL_COMMON_AttackTunableSpin,26,标准敌人,基础敌人模板
9,506000,m10_00_00_00-luabnd-dcx,143,5,148,1334,0,0,11.09,GOAL_COMMON_ComboRepeat,36,GOAL_COMMON_ComboFinal,29,GOAL_COMMON_ComboAttackTunableSpin,25,标准敌人,基础敌人模板
10,509000,m10_00_00_00-luabnd-dcx,140,5,145,1492,0,0,9.72,GOAL_COMMON_ComboFinal,33,GOAL_COMMON_ComboRepeat,27,GOAL_COMMON_AttackTunableSpin,22,标准敌人,基础敌人模板
11,543000,m11_01_00_00-luabnd-dcx,138,5,143,1467,0,0,9.75,GOAL_COMMON_ComboRepeat,35,GOAL_COMMON_ComboFinal,29,GOAL_COMMON_ComboAttackTunableSpin,18,特殊敌人,特殊机制敌人
12,510000,m17_00_00_00-luabnd-dcx,137,6,143,1330,0,0,10.75,GOAL_COMMON_ComboTunable_SuccessAngle180,25,GOAL_COMMON_ComboFinal,20,GOAL_COMMON_ApproachTarget,16,区域敌人,特定区域的敌人类型
13,740000,m11_01_00_00-luabnd-dcx,134,5,139,1213,0,0,11.46,GOAL_COMMON_ComboFinal,44,GOAL_COMMON_ComboRepeat,25,GOAL_COMMON_ComboAttackTunableSpin,16,未知类型,
14,711000,m11_01_00_00-luabnd-dcx,132,5,137,1597,0,0,8.58,GOAL_COMMON_ComboFinal,48,GOAL_COMMON_ComboRepeat,28,GOAL_COMMON_ComboAttackTunableSpin,17,精英敌人,高级武士类敌人
15,540010,m11_02_00_00-luabnd-dcx,131,6,137,1421,0,0,9.64,GOAL_COMMON_ComboAttackTunableSpin,36,GOAL_COMMON_ComboFinal,36,GOAL_COMMON_ComboRepeat,35,特殊敌人,特殊机制敌人

统计摘要
总分析角色数,15
平均GOAL_COMMON使用,155.5
平均Common_*使用,5.3
平均总使用次数,160.8

最常用GOAL_COMMON函数排名
函数名,使用次数,使用该函数的角色数
GOAL_COMMON_ComboFinal,613,15
GOAL_COMMON_ComboRepeat,407,14
GOAL_COMMON_ComboAttackTunableSpin,316,15
GOAL_COMMON_AttackTunableSpin,262,15
GOAL_COMMON_ApproachTarget,137,15
GOAL_COMMON_SpinStep,128,15
GOAL_COMMON_EndureAttack,103,14
GOAL_COMMON_SidewayMove,87,15
GOAL_COMMON_ComboTunable_SuccessAngle180,79,5
GOAL_COMMON_ComboRepeat_SuccessAngle180,77,6
